{"stats":{"minecraft:dropped":{"minecraft:sticky_piston":1,"minecraft:cobblestone":1,"simpleplanes:plane":1,"cgm:basic_bullet":128,"firstaid:plaster":1},"minecraft:broken":{"apocalypsenow:baseball_bat":1},"minecraft:picked_up":{"tac:round45":9,"minecraft:crafting_table":1,"cgm:basic_bullet":128,"apocalypsenow:fire_figther_boots":1,"minecraft:chicken":1,"minecraft:stone_slab":4,"minecraft:potato":1,"minecraft:oak_log":6,"immersivepetroleum:asphalt":3,"minecraft:string":114,"minecraft:dirt":2,"minecraft:leather_boots":1,"minecraft:sticky_piston":1,"apocalypsenow:u_sarmy_leggings":2,"minecraft:bone":114,"apocalypsenow:construction_leggings":1,"create:water_wheel":2,"minecraft:stone_bricks":8,"apocalypsenow:human_flesh":3,"create:mechanical_drill":1,"minecraft:smooth_stone":5,"apocalypsenow:money":2,"minecraft:redstone_torch":1,"minecraft:iron_pickaxe":1,"immersivepetroleum:asphalt_slab":3,"tac:9mm_round":19,"minecraft:oak_planks":4,"minecraft:dark_oak_sapling":6,"firstaid:plaster":1,"minecraft:stick":14,"simpleplanes:plane":2,"minecraft:oak_door":1,"minecraft:daylight_detector":1,"minecraft:torch":12,"minecraft:gravel":13,"minecraft:stone_button":1,"minecraft:cookie":1,"minecraft:white_bed":1,"minecraft:redstone":21,"minecraft:dark_oak_log":43,"minecraft:leather_helmet":1,"quark:clear_shard":4,"minecraft:rotten_flesh":91,"createaddition:barbed_wire":15,"quark:framed_glass_pane":1,"apocalypsenow:bikers_helmet":1,"alexsmobs:maggot":12,"minecraft:oak_sapling":3,"minecraft:coal":58,"apocalypsenow:fire_figther_chestplate":1,"minecraft:cobblestone":139},"minecraft:used":{"minecraft:oak_fence":141,"minecraft:oak_trapdoor":15,"minecraft:water_bucket":221,"minecraft:netherite_sword":23,"minecraft:stone_sword":178,"simpleplanes:charging_station":2,"zombie_extreme:m_9_knife":31,"cgm:pistol":100,"minecraft:redstone":83,"minecraft:stone_pickaxe":9,"minecraft:oak_planks":820,"minecraft:chest":14,"minecraft:wooden_pickaxe":38,"farmersdelight:melon_juice":2,"simpleplanes:helicopter":1,"minecraft:oak_door":3,"minecraft:torch":113,"createaddition:barbed_wire":52,"minecraft:soul_sand":1,"minecraft:crafting_table":3,"minecraft:white_bed":2,"minecraft:campfire":2,"minecraft:glass":62,"minecraft:redstone_torch":7,"minecraft:sticky_piston":13,"minecraft:crimson_button":3,"minecraft:lever":8,"minecraft:lava_bucket":3,"minecraft:daylight_detector":1,"minecraft:iron_axe":11,"apocalypsenow:baseball_bat":33,"minecraft:bread":7,"minecraft:iron_pickaxe":167,"minecraft:stone_button":3,"create:water_wheel":5,"minecraft:stone_slab":14,"embellishcraft:purple_spruce_fancy_bed":4,"simpleplanes:plane_workbench":1,"car:car_workshop":3,"minecraft:stone_axe":6,"simpleplanes:plane":5,"minecraft:magma_block":2,"minecraft:cobblestone":471,"minecraft:potion":9,"create:mechanical_drill":7,"quark:smooth_stone_vertical_slab":27,"car:gas_station":2,"minecraft:smooth_stone":16},"minecraft:killed_by":{"undead_revamp2:the_moonflower":4,"zombiemobs:zombie_squid":1,"minecraft:zombie":1,"zombie_extreme:infected_police":2},"minecraft:custom":{"lootr:looted_stat":6,"minecraft:mob_kills":154,"minecraft:interact_with_anvil":1,"minecraft:traded_with_villager":1,"minecraft:interact_with_crafting_table":12,"minecraft:trashcan_opened":2,"minecraft:damage_dealt_resisted":322,"minecraft:leave_game":3,"minecraft:time_since_death":137137,"minecraft:sleep_in_bed":3,"minecraft:climb_one_cm":3162,"minecraft:time_since_rest":30182,"minecraft:sprint_one_cm":215682,"minecraft:damage_taken":2716,"minecraft:walk_one_cm":554703,"minecraft:drop":6,"minecraft:damage_dealt":9561,"minecraft:swim_one_cm":5722,"minecraft:talked_to_villager":3,"minecraft:fly_one_cm":659428,"minecraft:open_chest":46,"minecraft:crouch_one_cm":20192,"minecraft:play_time":227215,"minecraft:deaths":8,"minecraft:sneak_time":10075,"minecraft:walk_under_water_one_cm":118330,"minecraft:jump":990,"minecraft:drawer_searched":15,"minecraft:walk_on_water_one_cm":25730,"minecraft:total_world_time":227215,"minecraft:fall_one_cm":7714},"minecraft:mined":{"minecraft:white_bed":1,"minecraft:oak_door":1,"minecraft:dark_oak_log":5,"minecraft:gray_stained_glass_pane":7,"minecraft:crafting_table":1,"minecraft:torch":3,"minecraft:grass_block":1,"create:framed_glass":2,"minecraft:glass":1,"minecraft:cobblestone":5,"minecraft:oak_planks":4,"minecraft:wall_torch":3,"minecraft:spawner":3,"create:mechanical_drill":1,"minecraft:oak_log":6,"minecraft:coal_ore":58,"minecraft:gravel":13,"minecraft:stone":133,"minecraft:stone_bricks":2,"minecraft:daylight_detector":1},"minecraft:crafted":{"minecraft:crafting_table":1,"minecraft:stone_axe":1,"tac:10_gauge_round":12,"minecraft:air":200,"minecraft:stone_pickaxe":1,"minecraft:stone_sword":1},"minecraft:killed":{"zombie_extreme:crawler":2,"minecraft:husk":44,"undead_revamp2:the_moonflower":3,"undead_revamp2:thesmoker":5,"minecraft:zombie":85,"zombie_extreme:infected_police":1,"alexsmobs:fly":4,"zombie_extreme:runner":4}},"DataVersion":2975}