{"stats":{"minecraft:dropped":{"minecraft:sticky_piston":1,"minecraft:cobblestone":1,"simpleplanes:plane":1,"cgm:basic_bullet":128,"firstaid:plaster":1},"minecraft:broken":{"apocalypsenow:baseball_bat":1},"minecraft:picked_up":{"tac:round45":7,"minecraft:crafting_table":1,"cgm:basic_bullet":128,"apocalypsenow:fire_figther_boots":1,"minecraft:chicken":1,"minecraft:stone_slab":4,"minecraft:potato":1,"minecraft:oak_log":6,"immersivepetroleum:asphalt":3,"minecraft:string":84,"minecraft:dirt":1,"minecraft:sticky_piston":1,"apocalypsenow:u_sarmy_leggings":2,"minecraft:bone":78,"apocalypsenow:construction_leggings":1,"minecraft:stone_bricks":8,"apocalypsenow:human_flesh":3,"minecraft:smooth_stone":5,"apocalypsenow:money":2,"minecraft:redstone_torch":1,"minecraft:iron_pickaxe":1,"immersivepetroleum:asphalt_slab":3,"tac:9mm_round":13,"firstaid:plaster":1,"minecraft:stick":5,"simpleplanes:plane":2,"minecraft:oak_door":1,"minecraft:daylight_detector":1,"minecraft:torch":6,"minecraft:stone_button":1,"minecraft:white_bed":1,"minecraft:redstone":6,"minecraft:rotten_flesh":68,"quark:framed_glass_pane":1,"alexsmobs:maggot":6,"minecraft:oak_sapling":3,"minecraft:coal":16,"apocalypsenow:fire_figther_chestplate":1,"minecraft:cobblestone":16},"minecraft:used":{"minecraft:oak_trapdoor":4,"minecraft:netherite_sword":23,"minecraft:stone_sword":178,"simpleplanes:charging_station":2,"zombie_extreme:m_9_knife":9,"cgm:pistol":100,"minecraft:redstone":52,"minecraft:stone_pickaxe":9,"minecraft:oak_planks":774,"minecraft:chest":14,"minecraft:wooden_pickaxe":38,"simpleplanes:helicopter":1,"minecraft:oak_door":3,"minecraft:torch":110,"createaddition:barbed_wire":26,"minecraft:crafting_table":2,"minecraft:white_bed":2,"minecraft:campfire":1,"minecraft:redstone_torch":4,"minecraft:sticky_piston":11,"minecraft:crimson_button":3,"minecraft:lever":7,"minecraft:lava_bucket":1,"minecraft:daylight_detector":1,"apocalypsenow:baseball_bat":33,"minecraft:bread":7,"minecraft:stone_button":3,"minecraft:stone_slab":14,"simpleplanes:plane_workbench":1,"car:car_workshop":3,"minecraft:stone_axe":6,"simpleplanes:plane":5,"minecraft:cobblestone":79,"minecraft:potion":9,"quark:smooth_stone_vertical_slab":27,"car:gas_station":2,"minecraft:smooth_stone":16},"minecraft:killed_by":{"undead_revamp2:the_moonflower":4,"zombiemobs:zombie_squid":1,"minecraft:zombie":1,"zombie_extreme:infected_police":2},"minecraft:custom":{"lootr:looted_stat":6,"minecraft:mob_kills":107,"minecraft:interact_with_anvil":1,"minecraft:interact_with_crafting_table":8,"minecraft:trashcan_opened":2,"minecraft:leave_game":2,"minecraft:time_since_death":44371,"minecraft:climb_one_cm":2644,"minecraft:time_since_rest":44404,"minecraft:sprint_one_cm":165632,"minecraft:damage_taken":2454,"minecraft:walk_one_cm":372676,"minecraft:drop":6,"minecraft:damage_dealt":7880,"minecraft:swim_one_cm":5722,"minecraft:fly_one_cm":586694,"minecraft:open_chest":11,"minecraft:crouch_one_cm":14899,"minecraft:play_time":134449,"minecraft:deaths":8,"minecraft:sneak_time":5821,"minecraft:walk_under_water_one_cm":17792,"minecraft:jump":515,"minecraft:drawer_searched":15,"minecraft:walk_on_water_one_cm":17309,"minecraft:total_world_time":134449,"minecraft:fall_one_cm":5752},"minecraft:mined":{"minecraft:white_bed":1,"minecraft:oak_door":1,"minecraft:gray_stained_glass_pane":7,"minecraft:crafting_table":1,"minecraft:torch":2,"minecraft:grass_block":1,"create:framed_glass":2,"minecraft:cobblestone":2,"minecraft:wall_torch":3,"minecraft:spawner":3,"minecraft:oak_log":6,"minecraft:coal_ore":16,"minecraft:stone":13,"minecraft:stone_bricks":2,"minecraft:daylight_detector":1},"minecraft:crafted":{"minecraft:crafting_table":1,"minecraft:stone_axe":1,"minecraft:air":27,"minecraft:stone_pickaxe":1,"minecraft:stone_sword":1},"minecraft:killed":{"zombie_extreme:crawler":2,"minecraft:husk":24,"undead_revamp2:the_moonflower":3,"undead_revamp2:thesmoker":3,"minecraft:zombie":65,"zombie_extreme:infected_police":1,"alexsmobs:fly":3,"zombie_extreme:runner":3}},"DataVersion":2975}