{"stats":{"minecraft:killed_by":{"minecraft:husk":1,"undead_revamp2:the_moonflower":4,"zombie_extreme:infected_police":2,"zombiemobs:zombie_squid":1,"minecraft:zombie":4},"minecraft:dropped":{"apocalypsenow:human_flesh":3,"minecraft:glass_bottle":8,"minecraft:cobblestone":95,"simpleplanes:plane":1,"minecraft:dirt":17,"minecraft:dark_oak_log":32,"farmersdelight:melon_popsicle":1,"minecraft:iron_shovel":1,"minecraft:string":28,"minecraft:bone":30,"alexsmobs:maggot":9,"minecraft:sticky_piston":1,"minecraft:rotten_flesh":3,"minecraft:cooked_mutton":64,"minecraft:potato":2,"cgm:basic_bullet":128,"firstaid:plaster":1},"minecraft:broken":{"minecraft:iron_axe":1,"minecraft:iron_pickaxe":3,"apocalypsenow:baseball_bat":1},"minecraft:custom":{"lootr:looted_stat":6,"minecraft:mob_kills":287,"minecraft:interact_with_anvil":1,"minecraft:inspect_hopper":3,"minecraft:interact_with_crafting_table":18,"minecraft:damage_dealt_resisted":322,"minecraft:leave_game":3,"minecraft:time_since_death":19985,"minecraft:climb_one_cm":4891,"minecraft:sprint_one_cm":282034,"minecraft:walk_one_cm":785051,"minecraft:drop":27,"minecraft:talked_to_villager":11,"minecraft:play_time":317273,"minecraft:deaths":12,"minecraft:sneak_time":19201,"minecraft:walk_under_water_one_cm":154692,"minecraft:jump":1497,"minecraft:drawer_searched":15,"minecraft:walk_on_water_one_cm":27580,"minecraft:total_world_time":317273,"minecraft:traded_with_villager":1,"minecraft:trashcan_opened":2,"minecraft:sleep_in_bed":6,"minecraft:time_since_rest":19763,"minecraft:damage_taken":3795,"minecraft:damage_dealt":13100,"minecraft:swim_one_cm":6022,"minecraft:fly_one_cm":769512,"minecraft:open_chest":57,"minecraft:crouch_one_cm":56089,"minecraft:fall_one_cm":14536},"minecraft:picked_up":{"minecraft:crafting_table":1,"cgm:basic_bullet":128,"apocalypsenow:fire_figther_boots":1,"minecraft:chicken":1,"minecraft:stone_slab":4,"minecraft:string":200,"minecraft:raw_copper":211,"minecraft:sticky_piston":1,"minecraft:iron_shovel":1,"create:water_wheel":2,"minecraft:smooth_stone":5,"minecraft:redstone_torch":1,"minecraft:iron_pickaxe":2,"immersivepetroleum:asphalt_slab":3,"minecraft:dark_oak_sapling":21,"minecraft:stick":24,"minecraft:raw_iron":30,"minecraft:oak_door":1,"minecraft:torch":21,"minecraft:stone_button":1,"minecraft:cookie":1,"minecraft:diorite":62,"minecraft:carrot":4,"minecraft:redstone":21,"quark:clear_shard":4,"minecraft:rotten_flesh":185,"createaddition:barbed_wire":15,"apocalypsenow:bikers_helmet":1,"apocalypsenow:fire_figther_chestplate":1,"minecraft:cobblestone":541,"tac:round45":15,"minecraft:leather_chestplate":1,"minecraft:potato":3,"create:raw_zinc":5,"minecraft:oak_log":6,"immersivepetroleum:asphalt":3,"minecraft:dirt":40,"minecraft:cooked_mutton":64,"minecraft:leather_boots":1,"apocalypsenow:u_sarmy_leggings":2,"minecraft:bone":216,"apocalypsenow:construction_leggings":1,"minecraft:apple":2,"minecraft:stone_bricks":8,"apocalypsenow:human_flesh":6,"create:mechanical_drill":1,"apocalypsenow:money":7,"minecraft:iron_ingot":1,"tac:9mm_round":28,"minecraft:oak_planks":4,"firstaid:plaster":1,"simpleplanes:plane":2,"minecraft:dark_oak_slab":6,"minecraft:daylight_detector":1,"minecraft:gravel":13,"immersiveengineering:raw_aluminum":15,"minecraft:white_bed":1,"minecraft:dark_oak_log":253,"minecraft:leather_helmet":1,"apocalypsenow:red_motorcycle_helmet_helmet":1,"quark:framed_glass_pane":1,"alexsmobs:maggot":21,"minecraft:oak_sapling":3,"minecraft:coal":84,"immersiveengineering:raw_silver":27},"minecraft:crafted":{"minecraft:stone_pickaxe":1,"minecraft:crafting_table":1,"minecraft:stone_axe":1,"tac:10_gauge_round":12,"minecraft:air":1024,"minecraft:stone_sword":1},"minecraft:killed":{"undead_revamp2:thesmoker":10,"undead_revamp2:thepregnant":1,"zombie_extreme:runner":9,"zombie_extreme:crawler":4,"minecraft:husk":79,"undead_revamp2:the_moonflower":6,"minecraft:zombie":158,"zombie_extreme:infected_police":1,"alexsmobs:fly":6,"minecraft:villager":2},"minecraft:mined":{"create:zinc_ore":5,"minecraft:white_bed":1,"minecraft:dark_oak_leaves":2,"minecraft:oak_door":1,"minecraft:dark_oak_log":112,"minecraft:gray_stained_glass_pane":7,"minecraft:grass_block":6,"immersiveengineering:ore_silver":27,"minecraft:spawner":3,"minecraft:iron_ore":29,"minecraft:stone":386,"immersiveengineering:ore_aluminum":15,"minecraft:crafting_table":1,"minecraft:torch":7,"create:framed_glass":2,"minecraft:glass":1,"minecraft:copper_ore":57,"minecraft:cobblestone":15,"minecraft:oak_planks":4,"minecraft:diorite":45,"minecraft:wall_torch":8,"minecraft:dark_oak_slab":6,"create:mechanical_drill":1,"minecraft:coal_ore":83,"minecraft:oak_log":6,"minecraft:gravel":13,"minecraft:dirt":24,"minecraft:stone_bricks":2,"minecraft:daylight_detector":1},"minecraft:used":{"minecraft:oak_trapdoor":15,"minecraft:oak_fence":141,"minecraft:netherite_sword":23,"minecraft:stone_sword":178,"easy_villagers:breeder":1,"simpleplanes:charging_station":2,"minecraft:redstone":83,"zombie_extreme:m_9_knife":64,"minecraft:chest":22,"farmersdelight:melon_juice":7,"minecraft:oak_door":3,"minecraft:torch":129,"minecraft:dirt":67,"minecraft:soul_sand":1,"minecraft:hopper":9,"create:cogwheel":6,"minecraft:carrot":1,"minecraft:glass":62,"minecraft:crimson_button":3,"alexsmobs:maggot":2,"minecraft:lava_bucket":3,"create:gearbox":7,"minecraft:iron_axe":135,"apocalypsenow:baseball_bat":33,"easy_villagers:trader":1,"minecraft:dark_oak_slab":277,"easy_villagers:iron_farm":20,"simpleplanes:plane":5,"minecraft:magma_block":2,"create:shaft":31,"create:mechanical_drill":8,"car:gas_station":2,"minecraft:dark_oak_sapling":44,"minecraft:water_bucket":221,"cgm:pistol":100,"minecraft:stone_pickaxe":9,"minecraft:oak_planks":824,"minecraft:wooden_pickaxe":38,"simpleplanes:helicopter":1,"createaddition:barbed_wire":52,"minecraft:crafting_table":3,"minecraft:white_bed":2,"minecraft:campfire":2,"minecraft:redstone_torch":7,"minecraft:sticky_piston":13,"minecraft:lever":8,"easy_villagers:villager":2,"farmersdelight:apple_cider":1,"minecraft:daylight_detector":1,"minecraft:dark_oak_log":7,"minecraft:bread":7,"minecraft:iron_pickaxe":633,"minecraft:stone_button":3,"create:water_wheel":5,"minecraft:stone_slab":14,"embellishcraft:purple_spruce_fancy_bed":4,"simpleplanes:plane_workbench":1,"minecraft:stone_axe":6,"car:car_workshop":3,"minecraft:cobblestone":508,"minecraft:potion":12,"quark:smooth_stone_vertical_slab":27,"create:vertical_gearbox":7,"minecraft:smooth_stone":16,"minecraft:bone_meal":9,"create:large_cogwheel":4}},"DataVersion":2975}