{"stats":{"minecraft:custom":{"minecraft:time_since_rest":12808,"minecraft:crouch_one_cm":29,"minecraft:play_time":12808,"minecraft:sprint_one_cm":40868,"minecraft:damage_taken":202,"minecraft:walk_one_cm":51210,"minecraft:sneak_time":81,"minecraft:walk_under_water_one_cm":3452,"minecraft:mob_kills":7,"minecraft:jump":70,"minecraft:damage_dealt":783,"minecraft:leave_game":1,"minecraft:walk_on_water_one_cm":7062,"minecraft:time_since_death":12808,"minecraft:total_world_time":12808,"minecraft:swim_one_cm":1312,"minecraft:fall_one_cm":627,"minecraft:fly_one_cm":16482},"minecraft:mined":{"minecraft:grass":1,"minecraft:dark_oak_leaves":3,"minecraft:dark_oak_log":19},"minecraft:picked_up":{"minecraft:feather":1,"minecraft:chicken":1,"minecraft:bone":4,"minecraft:rotten_flesh":2,"tac:9mm_round":1,"alexsmobs:maggot":2,"minecraft:dark_oak_log":19,"minecraft:string":6},"minecraft:used":{"minecraft:potion":2,"minecraft:bread":1,"minecraft:wooden_pickaxe":12},"minecraft:killed":{"undead_revamp2:the_moonflower":1,"alexsmobs:fly":1,"minecraft:zombie":2,"minecraft:chicken":1}},"DataVersion":2975}