{"stats":{"minecraft:killed_by":{"minecraft:husk":1,"undead_revamp2:the_moonflower":4,"zombie_extreme:infected_police":2,"zombiemobs:zombie_squid":1,"minecraft:zombie":3},"minecraft:dropped":{"apocalypsenow:human_flesh":2,"minecraft:glass_bottle":1,"minecraft:cobblestone":1,"simpleplanes:plane":1,"minecraft:dark_oak_log":32,"minecraft:sticky_piston":1,"cgm:basic_bullet":128,"firstaid:plaster":1},"minecraft:broken":{"minecraft:iron_axe":1,"minecraft:iron_pickaxe":1,"apocalypsenow:baseball_bat":1},"minecraft:custom":{"lootr:looted_stat":6,"minecraft:mob_kills":279,"minecraft:interact_with_anvil":1,"minecraft:inspect_hopper":3,"minecraft:interact_with_crafting_table":18,"minecraft:damage_dealt_resisted":322,"minecraft:leave_game":3,"minecraft:time_since_death":11775,"minecraft:climb_one_cm":4891,"minecraft:sprint_one_cm":275052,"minecraft:walk_one_cm":746313,"minecraft:drop":10,"minecraft:talked_to_villager":11,"minecraft:play_time":293273,"minecraft:deaths":11,"minecraft:sneak_time":18368,"minecraft:walk_under_water_one_cm":148824,"minecraft:jump":1401,"minecraft:drawer_searched":15,"minecraft:walk_on_water_one_cm":27485,"minecraft:total_world_time":293273,"minecraft:traded_with_villager":1,"minecraft:trashcan_opened":2,"minecraft:sleep_in_bed":5,"minecraft:time_since_rest":11799,"minecraft:damage_taken":3626,"minecraft:damage_dealt":13100,"minecraft:swim_one_cm":6022,"minecraft:fly_one_cm":763876,"minecraft:open_chest":57,"minecraft:crouch_one_cm":54620,"minecraft:fall_one_cm":13980},"minecraft:picked_up":{"minecraft:crafting_table":1,"cgm:basic_bullet":128,"apocalypsenow:fire_figther_boots":1,"minecraft:chicken":1,"minecraft:stone_slab":4,"minecraft:string":196,"minecraft:sticky_piston":1,"minecraft:iron_shovel":1,"create:water_wheel":2,"minecraft:smooth_stone":5,"minecraft:redstone_torch":1,"minecraft:iron_pickaxe":2,"immersivepetroleum:asphalt_slab":3,"minecraft:dark_oak_sapling":21,"minecraft:stick":24,"minecraft:oak_door":1,"minecraft:torch":17,"minecraft:stone_button":1,"minecraft:cookie":1,"minecraft:carrot":4,"minecraft:redstone":21,"quark:clear_shard":4,"minecraft:rotten_flesh":180,"createaddition:barbed_wire":15,"apocalypsenow:bikers_helmet":1,"apocalypsenow:fire_figther_chestplate":1,"minecraft:cobblestone":265,"tac:round45":14,"minecraft:leather_chestplate":1,"minecraft:potato":2,"minecraft:oak_log":6,"immersivepetroleum:asphalt":3,"minecraft:dirt":30,"minecraft:leather_boots":1,"apocalypsenow:u_sarmy_leggings":2,"minecraft:bone":202,"apocalypsenow:construction_leggings":1,"minecraft:apple":2,"minecraft:stone_bricks":8,"apocalypsenow:human_flesh":6,"create:mechanical_drill":1,"apocalypsenow:money":7,"minecraft:iron_ingot":1,"tac:9mm_round":28,"minecraft:oak_planks":4,"firstaid:plaster":1,"simpleplanes:plane":2,"minecraft:dark_oak_slab":6,"minecraft:daylight_detector":1,"minecraft:gravel":13,"immersiveengineering:raw_aluminum":15,"minecraft:white_bed":1,"minecraft:dark_oak_log":253,"minecraft:leather_helmet":1,"apocalypsenow:red_motorcycle_helmet_helmet":1,"quark:framed_glass_pane":1,"alexsmobs:maggot":15,"minecraft:oak_sapling":3,"minecraft:coal":58},"minecraft:crafted":{"minecraft:stone_pickaxe":1,"minecraft:crafting_table":1,"minecraft:stone_axe":1,"tac:10_gauge_round":12,"minecraft:air":1024,"minecraft:stone_sword":1},"minecraft:killed":{"undead_revamp2:thesmoker":10,"undead_revamp2:thepregnant":1,"zombie_extreme:runner":8,"zombie_extreme:crawler":3,"minecraft:husk":77,"undead_revamp2:the_moonflower":6,"minecraft:zombie":154,"zombie_extreme:infected_police":1,"alexsmobs:fly":6,"minecraft:villager":2},"minecraft:mined":{"minecraft:white_bed":1,"minecraft:dark_oak_leaves":2,"minecraft:oak_door":1,"minecraft:dark_oak_log":112,"minecraft:gray_stained_glass_pane":7,"minecraft:grass_block":6,"minecraft:spawner":3,"minecraft:stone":232,"immersiveengineering:ore_aluminum":15,"minecraft:crafting_table":1,"minecraft:torch":4,"create:framed_glass":2,"minecraft:glass":1,"minecraft:cobblestone":5,"minecraft:oak_planks":4,"minecraft:wall_torch":7,"minecraft:dark_oak_slab":6,"create:mechanical_drill":1,"minecraft:coal_ore":58,"minecraft:oak_log":6,"minecraft:gravel":13,"minecraft:dirt":16,"minecraft:stone_bricks":2,"minecraft:daylight_detector":1},"minecraft:used":{"minecraft:oak_trapdoor":15,"minecraft:oak_fence":141,"minecraft:netherite_sword":23,"minecraft:stone_sword":178,"easy_villagers:breeder":1,"simpleplanes:charging_station":2,"minecraft:redstone":83,"zombie_extreme:m_9_knife":56,"minecraft:chest":22,"farmersdelight:melon_juice":7,"minecraft:oak_door":3,"minecraft:torch":123,"minecraft:dirt":67,"minecraft:soul_sand":1,"minecraft:hopper":9,"create:cogwheel":6,"minecraft:carrot":1,"minecraft:glass":62,"minecraft:crimson_button":3,"alexsmobs:maggot":2,"minecraft:lava_bucket":3,"create:gearbox":7,"minecraft:iron_axe":135,"apocalypsenow:baseball_bat":33,"easy_villagers:trader":1,"minecraft:dark_oak_slab":277,"easy_villagers:iron_farm":20,"simpleplanes:plane":5,"minecraft:magma_block":2,"create:shaft":31,"create:mechanical_drill":8,"car:gas_station":2,"minecraft:dark_oak_sapling":44,"minecraft:water_bucket":221,"cgm:pistol":100,"minecraft:stone_pickaxe":9,"minecraft:oak_planks":824,"minecraft:wooden_pickaxe":38,"simpleplanes:helicopter":1,"createaddition:barbed_wire":52,"minecraft:crafting_table":3,"minecraft:white_bed":2,"minecraft:campfire":2,"minecraft:redstone_torch":7,"minecraft:sticky_piston":13,"minecraft:lever":8,"easy_villagers:villager":2,"minecraft:daylight_detector":1,"minecraft:dark_oak_log":7,"minecraft:bread":7,"minecraft:iron_pickaxe":281,"minecraft:stone_button":3,"create:water_wheel":5,"minecraft:stone_slab":14,"embellishcraft:purple_spruce_fancy_bed":4,"simpleplanes:plane_workbench":1,"minecraft:stone_axe":6,"car:car_workshop":3,"minecraft:cobblestone":475,"minecraft:potion":9,"quark:smooth_stone_vertical_slab":27,"create:vertical_gearbox":7,"minecraft:smooth_stone":16,"minecraft:bone_meal":9,"create:large_cogwheel":4}},"DataVersion":2975}